Recency (months),Frequency (times),Monetary (blood),Time (months),"whether he/she donated blood in March 2007"
2.8492307692307692,4.17948717948718,1044.871794871795,28.141880341880345,1
2.7153846153846155,4.4220512820512825,1105.5128205128206,29.621025641025643,1
2.597591973244147,4.651460423634337,1162.8651059085842,30.922653288740246,1
2.4958528428093643,4.867714604236343,1216.928651059086,32.046763285024156,1
2.410167224080267,5.070813823857302,1267.7034559643255,32.99335562987737,0
2.340535117056856,5.260758082497212,1315.1895206243032,33.76243032329989,0
2.28695652173913,5.437547380156075,1359.3868450390187,34.35398736529171,1
2.2494314381270897,5.6011817168338895,1400.2954292084726,34.76802675585284,0
2.227959866220735,5.751661092530656,1437.9152731326642,35.004548494983275,1
2.222541806020066,5.8889855072463755,1472.246376811594,35.06355258268301,1
2.2331772575250826,6.013154960981046,1503.2887402452616,34.94503901895205,0
2.259866220735785,6.12416945373467,1531.0423634336673,34.649007803790404,0
2.30260869565217,6.222028985507235,1555.507246376809,34.17545893719801,1
2.3149758454106237,6.234814814814803,1558.7037037037012,32.138550724637625,0
2.33700483091787,6.307890499194837,1576.9726247987091,31.56405797101443,1
2.364830917874392,6.352270531400956,1588.0676328502389,30.11342995169077,1
2.3945893719806723,6.352979066022533,1588.2447665056334,30.76212560386468,1
2.4954589371980633,6.124895330112711,1531.2238325281778,30.163285024154536,1
2.6896618357487876,5.830531400966173,1457.632850241543,27.01526570048304,1
2.7822222222222175,5.7035104669887176,1425.8776167471794,25.172689210950033,1
2.8670531400966137,5.737455716586141,1434.3639291465352,24.45629629629625,1
2.9402898550724585,6.001545893719797,1500.386473429949,23.001159420289813,0
3.314975845410622,6.252206119162629,1563.0515297906575,22.554911433172265,1
3.631111111111105,6.426151368760053,1606.5378421900132,23.60161030595809,1
3.8684057971014427,6.481642512077283,1620.410628019321,23.367729468598988,0
3.906859903381636,6.995877616747169,1748.9694041867924,24.386602254428297,0
4.035362318840573,7.390789049919473,1847.6972624798677,24.533784219001564,0
4.010048309178737,7.633043478260856,1908.260869565214,25.229565217391258,1
4.0709178743961285,7.830853462157797,1957.7133655394491,23.660611916264045,1
4.071884057971007,8.031368760064398,2007.8421900160997,26.71716586151364,0
4.012946859903375,8.170241545893706,2042.5603864734262,30.022608695652124,0
3.89410628019323,8.256811594202885,2064.202898550721,31.10834138486307,1
3.6175845410627954,7.959806763285011,1989.9516908212527,31.657842190016048,1
3.325603864734293,7.466473429951678,1866.6183574879194,31.9155555555555,1
3.258164251207724,7.49565217391303,1873.9130434782576,32.024927536231836,0
3.0291787439613476,7.637101449275348,1909.2753623188373,31.34425120772941,1
2.7364251207729424,7.631690821256025,1907.9227053140064,30.47710144927531,1
2.891207729468594,7.706280193236702,1926.5700483091755,29.435555555555506,1
2.7996135265700435,7.178164251207717,1794.5410628019295,29.97990338164246,1
2.7099516908212515,6.6617391304347695,1665.4347826086926,29.20869565217386,1
2.6260869565217346,6.428599033816413,1607.1497584541037,30.96541062801927,1
2.55188405797101,6.124927536231873,1531.2318840579683,29.395748792270478,0
2.393429951690817,5.981256038647333,1495.314009661833,30.32444444444439,1
2.296811594202895,5.8199033816425025,1454.9758454106252,32.90975845410622,0
2.2620289855072424,5.7060869565217285,1426.5217391304323,33.369855072463714,1
2.3868599033816382,5.753236714975835,1438.309178743959,33.51574879227047,1
2.5290821256038605,5.845507246376801,1461.3768115942003,33.51855072463762,0
2.497584541062798,5.988019323671486,1497.0048309178717,33.46743961352651,0
2.5101449275362278,6.088115942028975,1522.0289855072438,32.75140096618352,0
2.4937198067632806,6.123285024154578,1530.8212560386446,32.998454106280136,0
2.594396135265696,6.042705314009652,1510.6763285024126,30.792367149758398,0
2.4743961352656965,6.314589371980666,1578.6473429951664,33.215652173912986,1
2.6175845410627976,6.686473429951679,1671.6183574879199,33.40872785829302,0
2.588985507246372,6.89806763285023,1724.5169082125576,35.34383252818029,0
2.606376811594198,6.9421256038647225,1735.5314009661804,34.860772946859846,1
2.5478260869565172,7.003768115942018,1750.9420289855043,33.45471819645727,1
2.4355555555555517,6.698260869565205,1674.5652173913013,31.251755233494308,1
2.5337198067632807,6.435265700483081,1608.8164251207702,27.80338164251203,1
2.722318840579705,6.649758454106269,1662.439613526567,26.808727858293025,0
2.7860869565217343,6.888405797101437,1722.1014492753595,26.025475040257604,0
2.7250241545893674,6.698454106280181,1674.6135265700455,25.28376811594198,0
2.779130434782604,6.3960386473429836,1599.009661835746,24.687471819645687,1
2.802318840579705,5.908115942028976,1477.0289855072438,24.345281803542633,0
2.794589371980672,5.892077294685979,1473.019323671495,24.370724637681114,1
2.755942028985502,5.827536231884048,1456.884057971012,24.699549114331678,1
2.686376811594198,5.606666666666657,1401.6666666666642,23.55112721417065,0
2.5858937198067586,5.299033816425112,1324.7584541062777,24.340579710144887,1
2.600579710144923,4.899323671497576,1224.8309178743941,22.930660225442793,0
2.538743961352653,4.351787439613519,1087.9468599033796,21.64566827697259,0
2.6442512077294644,4.083574879227045,1020.8937198067615,21.094782608695617,0
2.628792270531396,3.8099516908212494,952.4879227053124,20.638776167471782,0
2.590144927536227,3.5490821256038583,887.2705314009645,19.947407407407372,0
2.601352657004827,3.1959420289855016,798.9855072463754,18.36589371980673,1
2.542415458937194,2.9941062801932308,748.5265700483078,17.51268921095005,0
2.3644444444444406,3.1652173913043424,791.3043478260854,17.351320450885638,1
2.209661835748788,3.5258937198067573,881.4734299516892,18.663478260869535,1
2.2202898550724597,3.6285990338164185,907.1497584541046,18.430370370370337,1
2.250241545893716,3.333043478260864,833.2608695652159,18.225571658615106,0
2.226473429951687,3.3754589371980614,843.8647342995154,18.240135265700452,0
2.171207729468595,3.405603864734293,851.4009661835735,18.3653333333333,0
2.2025120772946822,3.256811594202892,814.2028985507231,18.94622222222219,1
2.34260869565217,3.3920772946859845,848.0193236714961,20.04164251207726,0
2.0784541062801893,3.282705314009656,820.6763285024141,23.223091787439575,0
2.3439613526570007,3.314782608695646,828.6956521739116,24.297294685990295,0
2.6486956521739087,3.385893719806757,846.4734299516892,25.07294685990334,1
3.014879227053135,3.4394202898550663,859.8550724637666,25.637971014492706,0
3.2716908212560325,3.757101449275355,939.2753623188389,27.4884057971014,0
3.4641545893719745,3.8720772946859836,968.0193236714958,28.288405797101397,0
3.7084057971014426,3.944927536231877,986.2318840579692,28.504057971014447,0
4.0253140096618285,4.158743961352649,1039.6859903381624,28.538260869565164,1
4.171014492753616,4.2730434782608615,1068.2608695652154,28.550724637681107,1
4.385507246376804,4.604154589371973,1151.0386473429933,29.44429951690816,0
4.522705314009654,4.854106280193228,1213.526570048307,30.226086956521687,0
4.533140096618349,5.235942028985498,1308.9855072463745,30.929178743961295,0
4.534589371980669,5.443285024154581,1360.8212560386448,30.950917874396087,0
4.583768115942021,5.822415458937187,1455.603864734297,30.614202898550673,0
4.6180676328502335,6.250048309178733,1562.5120772946832,30.48637681159415,0
4.564444444444437,6.385893719806752,1596.4734299516879,30.35130434782603,1
4.325120772946852,6.880193236714963,1720.0483091787412,29.749371980676276,1
4.188405797101442,6.881932367149746,1720.4830917874367,28.022318840579658,1
4.056521739130428,7.060869565217379,1765.2173913043448,27.98545893719802,1
3.929468599033809,6.972367149758441,1743.0917874396105,27.186376811594155,1
3.7589371980676263,7.205475040257636,1801.3687600644093,26.79826086956517,0
3.2027053140096564,7.141191626409005,1785.2979066022513,26.595033816425072,0
3.2468599033816363,7.005603864734287,1751.4009661835719,26.545004830917826,0
3.1400966183574823,6.56914653784218,1642.2866344605445,26.436869565217343,0
3.0773913043478207,6.3021578099838855,1575.5394524959715,26.299710144927488,0
3.620869565217385,6.36463768115941,1591.1594202898523,27.418454106280144,0
3.7413526570048248,6.707697262479859,1676.9243156199645,29.754396135265647,0
3.6629951690821194,6.925539452495963,1731.3848631239903,31.465217391304297,0
3.7496618357487854,7.145314009661823,1786.3285024154557,32.682318840579654,1
3.810241545893713,7.080644122383241,1770.16103059581,32.889178743961295,0
3.9216425120772875,7.169017713365527,1792.2544283413815,33.85681159420284,0
3.9677294685990265,7.220676328502403,1805.1690821256004,34.68048309178738,1
3.75739130434782,7.155426731078892,1788.8566827697232,35.1858937198067,0
3.7744927536231816,7.4009983896940295,1850.2495974235073,37.28241545893714,0
3.5351690821255977,7.16270531400965,1790.6763285024124,37.29140096618351,1
3.377198067632844,7.2158132045088434,1803.953301127211,39.31951690821249,0
3.348888888888883,7.09075684380031,1772.6892109500773,39.742028985507176,0
3.3928502415458874,7.119130434782596,1779.782608695649,40.3098550724637,1
3.331594202898545,6.980933977455704,1745.2334943639264,40.81913043478254,1
3.069565217391299,6.377423510466978,1594.3558776167442,38.54463768115935,1
2.895652173913038,5.959613526570038,1489.9033816425092,36.578357487922645,1
2.809855072463763,5.774460547504017,1443.6151368760038,34.81932367149752,1
2.7182608695652126,5.680322061191616,1420.080515297904,33.270917874396076,0
2.624734299516904,5.34328502415458,1335.821256038645,30.900869565217338,0
2.1909178743961313,5.17803542673107,1294.5088566827676,29.84830917874391,1
2.1145893719806725,5.166022544283405,1291.505636070851,29.20251207729463,0
2.6396135265700438,4.748792270531393,1187.198067632848,28.405861513687555,1
2.5393236714975798,4.573043478260862,1143.2608695652152,27.60747181964568,1
2.662028985507242,4.8767149758454025,1219.1787439613504,27.21275362318836,0
2.7638647342995117,4.968405797101441,1242.10144927536,27.544895330112674,0
2.818743961352652,5.392463768115933,1348.1159420289832,26.916843800322013,0
2.871690821256034,5.264444444444436,1316.111111111109,24.87304347826083,0
2.9671497584541004,5.194589371980667,1298.647342995167,23.243929146537802,0
3.199033816425115,5.210917874396126,1302.7294685990314,22.66003220611912,0
3.3729468599033763,5.126183574879219,1281.5458937198046,21.642512077294647,0
3.4888888888888827,4.922028985507238,1230.5072463768095,20.113687600644084,0
3.546859903381636,4.4798067632850165,1119.951690821254,16.73133655394522,0
3.5951690821255977,4.379999999999992,1094.9999999999982,16.296425120772916,0
3.536038647342989,3.870144927536225,967.5362318840563,15.395265700483062,0
3.7072463768115878,4.2785507246376735,1069.6376811594182,16.583768115942,0
3.722705314009655,4.254492753623181,1063.6231884057952,16.02473429951688,0
3.8262801932367085,4.312367149758447,1078.0917874396116,16.831626409017684,0
3.777971014492747,4.2036714975845335,1050.9178743961334,17.44305958132042,1
3.6755555555555492,3.8970048309178678,974.2512077294668,17.600579710144896,1
3.665120772946853,3.7598067632850176,939.9516908212544,19.51214170692428,0
3.5066666666666606,3.971400966183568,992.8502415458919,21.36167471819642,0
3.297971014492748,3.7223188405797036,930.5797101449259,22.931304347826046,1
3.0390338164251154,3.553623188405791,888.4057971014477,25.887149758454058,0
2.7298550724637636,3.375265700483086,843.8164251207714,28.687149758454055,1
2.8817391304347773,3.1949758454106227,798.7439613526556,31.092173913043425,0
2.6546859903381597,2.801352657004826,700.3381642512065,32.91906602254422,0
2.3909178743961315,2.8542995169082075,713.5748792270518,34.62673107890493,1
2.3095652173913,2.807922705314005,701.9806763285012,36.20502415458931,0
2.1967149758454068,2.599420289855068,649.855072463767,37.64734299516901,0
2.105120772946856,2.3793236714975805,594.8309178743951,38.82888888888882,0
2.0386473429951657,2.0784541062801893,519.6135265700474,39.70666666666659,0
2.0011594202898517,1.8206763285024121,455.169082125603,40.238003220611844,0
2.14260869565217,1.5609661835748763,390.2415458937191,40.23446054750395,0
2.0807729468599,1.2301449275362297,307.5362318840574,39.52879227053133,0
2.0112077294685955,0.8790338164251189,219.75845410627974,38.21629629629623,0
1.9339130434782574,0.5095652173913031,127.39130434782578,36.24592592592586,0
1.4088888888888862,0.04888888888888859,12.222222222222072,36.999999999999936,1
1.2222222222222199,0.12444444444444394,31.111111111110986,37.754074074074005,1
1.604830917874393,0.667053140096617,166.76328502415424,37.250370370370305,1
1.899323671497581,0.7375845410628004,184.39613526570008,36.34676328502409,0
2.297391304347822,1.0349758454106261,258.74396135265647,36.54795491143311,0
2.5551690821255995,1.2873429951690798,321.8357487922699,36.29842190016097,0
2.5215458937198023,1.5619323671497556,390.48309178743887,36.39903381642506,0
3.0104347826086904,1.852946859903378,463.2367149758445,35.22927536231877,0
3.33971014492753,2.0568115942028946,514.2028985507237,34.398743961352594,0
3.211594202898545,2.2121739130434745,553.0434782608685,33.80888888888883,0
3.359999999999994,2.4027053140096575,600.6763285024143,32.80731078904986,0
3.9636714975845337,2.8815458937198013,720.3864734299505,31.86109500805148,0
4.507439613526562,3.3976811594202845,849.4202898550709,31.436811594202844,0
4.791884057971006,3.8478260869565153,961.9565217391287,30.747665056360653,1
5.293140096618348,4.2372946859903315,1059.3236714975826,29.91088566827692,1
5.715169082125595,4.4971014492753545,1124.2753623188387,28.423574879226997,1
6.054106280193227,4.7617391304347745,1190.4347826086937,27.493816425120723,0
6.403864734299505,5.166280193236707,1291.5700483091764,27.91874396135261,1
6.178357487922695,5.143574879227045,1285.893719806761,28.11294685990333,0
6.457584541062791,5.625603864734289,1406.4009661835726,29.941320450885616,0
6.584154589371969,5.806376811594193,1451.5942028985482,29.78380032206114,0
6.215845410628009,5.750628019323662,1437.6570048309154,30.465217391304297,0
6.09487922705313,5.761739130434773,1440.4347826086932,30.879645732689156,0
5.509951690821246,5.635072463768106,1408.7681159420263,32.538228663446,0
5.052753623188396,5.334299516908203,1333.5748792270506,33.352173913043416,0
5.465507246376802,5.794106280193227,1448.526570048307,34.12492753623182,0
5.956521739130425,5.875942028985497,1468.9855072463743,33.661932367149696,1
5.93024154589371,6.257874396135255,1564.4685990338135,36.78869565217386,0
5.968888888888879,6.360193236714965,1590.0483091787414,37.57014492753617,0
5.438067632850232,6.180386473429941,1545.096618357485,38.60531400966177,0
5.075555555555547,6.219323671497574,1554.8309178743934,40.210144927536156,0
5.648309178743952,6.400676328502404,1600.169082125601,41.07101449275355,0
5.6367149758454005,6.191690821256028,1547.9227053140069,42.06531400966177,1
5.137971014492745,6.146763285024145,1536.690821256036,42.094396135265626,1
5.355555555555547,6.38782608695651,1596.9565217391275,42.09362318840572,0
6.049468599033807,6.778454106280181,1694.6135265700452,41.840762211486776,0
6.308405797101438,6.846956521739118,1711.7391304347798,41.115695115405195,0
6.474589371980665,6.723574879227042,1680.8937198067606,39.335104669887215,0
6.840193236714963,6.4995169082125495,1624.8792270531374,37.25218464841647,0
6.9252173913043364,6.193623188405787,1548.4057971014465,35.01663982823397,1
6.925217391304336,5.935265700483082,1483.8164251207702,33.69884057971009,0
6.840193236714964,5.638260869565208,1409.5652173913018,32.54808373590977,0
6.524057971014482,5.095072463768107,1273.7681159420267,30.40196457326887,0
6.728115942028975,4.969468599033808,1242.367149758452,28.64830917874391,0
6.368502415458925,4.281159420289848,1070.289855072462,24.95754159957054,0
5.881352657004822,3.6912077294685925,922.8019323671481,23.11166935050989,0
5.7741062801932275,3.279806763285018,819.9516908212546,20.90534621578096,0
5.3489855072463675,2.767729468599029,691.9323671497572,19.482877079978493,0
5.361739130434774,2.335458937198063,583.8647342995158,17.152710681696156,0
5.337584541062793,2.0917874396135225,522.9468599033806,15.990917874396104,0
5.018743961352649,1.7352657004830885,433.81642512077207,15.783800322061163,0
4.649661835748784,1.495265700483089,373.8164251207722,16.69706924315617,0
4.376425120772939,0.871497584541061,217.87439613526524,15.084541062801906,1
3.9590338164251135,0.715555555555554,178.88888888888846,16.570273752012852,0
4.006570048309172,0.7945893719806747,198.64734299516866,17.51687600644119,0
4.190338164251201,0.8071497584541046,201.78743961352615,18.103381642512048,0
3.8664734299516836,0.6173913043478247,154.3478260869562,18.23578099838966,0
3.471111111111105,0.788019323671496,197.00483091787402,18.830305958132012,0
3.3644444444444384,0.6709178743961339,167.72946859903348,20.051207729468565,1
3.351111111111105,0.6521739130434768,163.04347826086922,21.475008051529752,1
3.499516908212554,0.5049275362318829,126.23188405797069,23.073977455716545,0
3.55922705314009,0.8709178743961333,217.72946859903337,24.717198067632804,1
4.078067632850234,1.2838647342995146,320.9661835748786,26.06545356951149,1
4.642512077294678,1.5710144927536203,392.7536231884051,25.644562533547997,0
4.817004830917867,1.6282125603864703,407.0531400966176,24.80112721417065,0
5.032077294685982,1.854106280193233,463.5265700483083,24.85789586688133,0
5.133333333333325,2.2843478260869525,571.0869565217381,25.983038110574295,0
5.668599033816415,2.8498550724637632,712.4637681159408,27.824057971014444,0
5.784347826086947,3.3885990338164196,847.1497584541047,29.73784219001605,1
6.076135265700472,3.8856038647342928,971.4009661835732,31.570660225442783,0
6.632657004830906,4.155748792270524,1038.937198067631,31.130048309178687,0
6.7464734299516795,4.459323671497577,1114.8309178743943,30.34925389157268,0
7.110917874396123,4.766376811594195,1191.5942028985487,31.194965110037515,0
7.232463768115929,5.0488888888888805,1262.2222222222201,33.087310789049866,0
7.389758454106268,5.231884057971007,1307.9710144927515,34.34401502952222,0
7.569275362318827,5.313429951690813,1328.357487922703,35.000397208802944,0
8.1974879227053,5.096038647342986,1274.0096618357466,34.359516908212505,0
8.180869565217378,4.910531400966175,1227.6328502415438,32.79217391304342,1
8.163285024154575,4.893913043478252,1223.4782608695632,32.738840579710086,0
8.082318840579696,4.774879227053132,1193.719806763283,31.989661835748734,1
8.48444444444443,4.549565217391296,1137.3913043478242,30.841256038647288,1
7.958647342995154,3.969661835748785,992.4154589371963,30.383381642512024,0
7.7487922705313865,3.435748792270525,858.9371980676312,29.73671497584536,0
8.256618357487907,3.570048309178737,892.5120772946844,30.05806763285019,0
8.590144927536215,3.6503381642512007,912.5845410628002,28.172850241545845,0
9.094879227053125,3.9634782608695582,990.8695652173895,27.275458937198017,0
9.36444444444443,3.9485024154589303,987.1256038647324,26.39169082125599,0
9.692173913043462,3.850434782608689,962.6086956521723,25.46714975845406,0
9.620676328502398,3.742318840579703,935.5797101449259,25.26086956521734,0
9.588212560386458,3.868792270531394,967.1980676328485,25.57826086956517,1
9.455265700483077,4.115072463768109,1028.7681159420272,27.441932367149715,1
9.497584541062785,4.379903381642505,1094.9758454106263,30.058647342995116,0
8.608502415458922,4.170241545893712,1042.5603864734283,30.546956521739077,0
8.554589371980661,4.049275362318833,1012.3188405797084,31.306086956521682,0
7.909758454106266,4.069855072463762,1017.4637681159403,31.83507246376806,0
6.909565217391291,3.910338164251201,977.5845410628002,33.17140096618352,0
6.5057004830917755,4.046280193236708,1011.570048309177,36.466570048309116,0
6.4941062801932254,4.399999999999992,1099.999999999998,39.185507246376744,0
6.851787439613514,4.437391304347819,1109.3478260869547,37.86647342995163,1
7.177584541062789,4.420676328502408,1105.1690821256018,36.635362318840514,0
7.485024154589359,4.392946859903374,1098.2367149758434,35.98801932367144,1
6.641352657004819,4.593913043478254,1148.4782608695632,35.53816425120766,0
6.940096618357476,4.966859903381634,1241.7149758454086,37.51613526570041,1
6.735458937198055,4.899710144927528,1224.927536231882,37.35381642512071,0
6.971787439613514,4.6924637681159345,1173.1159420289835,37.088115942028914,0
6.5058937198067515,4.615845410628012,1153.9613526570029,38.051884057970945,0
7.045217391304335,4.98096618357487,1245.2415458937176,38.955362318840514,0
7.543961352656991,5.283091787439604,1320.7729468599011,39.66463768115935,0
8.022801932367136,5.502512077294677,1375.6280193236694,39.884637681159354,0
8.815652173913028,5.507439613526561,1376.8599033816402,40.70830917874389,0
9.16811594202897,5.672850241545884,1418.2125603864708,41.64618357487915,0
10.31130434782607,5.685990338164242,1421.4975845410604,41.09632850241539,0
10.503381642512059,5.524637681159411,1381.1594202898527,39.85835748792264,0
10.291594202898533,5.1640579710144845,1291.0144927536207,38.383478260869495,0
10.164057971014474,5.01449275362318,1253.623188405795,38.73507246376805,0
10.003671497584524,4.714009661835741,1178.5024154589353,38.06212560386467,0
9.620289855072446,4.2384541062801855,1059.6135265700464,34.64792270531395,0
10.012560386473414,4.119999999999992,1029.9999999999982,34.14579710144922,0
9.912850241545875,3.951111111111104,987.777777777776,32.60386473429946,1
10.307246376811577,3.6384541062801867,909.6135265700467,30.228599033816373,0
11.418743961352636,3.8869565217391235,971.7391304347809,29.162995169082073,0
11.883671497584523,3.9538164251207664,988.4541062801914,27.533526570048263,0
11.925024154589352,3.8929468599033745,973.2367149758436,25.47913043478256,0
11.750144927536212,3.948792270531394,987.1980676328485,25.635555555555513,0
11.486376811594184,3.9804830917874328,995.1207729468581,26.03449275362314,1
11.114396135265682,3.9207729468598957,980.1932367149741,25.884444444444398,1
11.345314009661815,3.785893719806756,946.4734299516892,26.63739130434778,1
10.959806763285004,3.56666666666666,891.666666666665,26.158647342995124,1
11.744541062801911,3.423188405797095,855.7971014492739,24.264830917874356,0
11.55149758454104,3.3470531400966124,836.763285024153,24.75942028985503,0
11.763864734299496,3.3418357487922643,835.4589371980662,24.91623188405793,0
12.363864734299495,3.2881159420289796,822.0289855072449,24.978743961352613,0
12.517294685990315,3.452560386473424,863.140096618356,25.69014492753619,0
12.05855072463766,3.3760386473429893,844.0096618357474,25.618937198067588,0
11.849855072463747,3.5424154589371915,885.603864734298,26.677777777777735,0
11.979323671497564,3.4189371980676273,854.7342995169066,25.453719806763246,0
11.570434782608675,3.4392270531400904,859.8067632850226,25.950048309178698,0
11.268212560386454,3.041932367149753,760.4830917874382,25.46314009661831,0
11.407342995169062,3.3350724637681104,833.7681159420274,25.28396135265696,0
11.533913043478242,3.4492753623188346,862.3188405797086,24.25758454106276,0
11.902028985507224,3.5103381642512015,877.5845410628004,23.181642512077254,0
11.969661835748772,3.5462801932367087,886.5700483091772,24.645217391304303,0
11.648115942028966,3.4631884057970956,865.7971014492739,24.468599033816382,1
11.541835748792252,3.2357487922705257,808.9371980676315,24.533236714975803,0
11.43169082125602,3.3681159420289792,842.0289855072449,24.68096618357484,0
10.46473429951689,3.4950724637681096,873.7681159420274,24.947922705313964,0
10.517874396135246,3.736618357487916,934.154589371979,25.342318840579665,0
10.478067632850223,3.87362318840579,968.4057971014475,26.164541062801888,0
10.350531400966165,3.780289855072457,945.0724637681143,26.0364251207729,0
10.256618357487906,3.7860869565217325,946.5217391304332,26.643768115941985,0
10.436328502415442,4.052753623188399,1013.1884057970997,28.139227053140047,0
11.330241545893701,4.2150724637681085,1053.768115942027,27.68975845410623,0
11.498357487922686,4.224154589371974,1056.0386473429933,27.387053140096572,0
10.940676328502398,4.175265700483084,1043.816425120771,29.81014492753618,0
10.999420289855053,4.1630917874396065,1040.7729468599014,30.82028985507241,0
11.108792270531382,4.185120772946853,1046.280193236713,31.919323671497526,1
10.65449275362317,4.335265700483084,1083.8164251207709,33.60096618357482,0
10.612946859903364,4.392463768115935,1098.1159420289837,34.809951690821194,0
11.24193236714974,4.472850241545886,1118.2125603864713,36.32975845410621,1
11.697004830917855,4.76618357487922,1191.5458937198046,37.633913043478195,0
11.978164251207707,5.055265700483083,1263.8164251207709,39.37323671497578,1
12.564637681159398,5.10009661835748,1275.0241545893696,39.06772946859897,0
13.164251207729446,5.361159420289846,1340.2898550724615,38.93400966183568,0
13.510917874396112,5.501256038647333,1375.3140096618333,38.844782608695596,0
13.845217391304324,5.375458937198059,1343.8647342995146,37.155458937198006,0
13.411400966183551,5.150144927536223,1287.5362318840557,35.80415458937192,1
13.384444444444421,4.796714975845402,1199.1787439613506,32.77690821256033,0
13.602125603864708,4.4796135265700405,1119.90338164251,29.603768115941975,0
13.594879227053116,4.779903381642503,1194.9758454106259,29.65111111111106,0
13.509371980676304,4.811207729468591,1202.8019323671476,29.710531400966133,1
13.637777777777755,4.776811594202891,1194.2028985507225,29.838550724637628,1
13.354009661835725,4.684444444444436,1171.111111111109,30.223574879226998,0
13.093623188405774,4.468792270531393,1117.1980676328483,29.456714975845358,1
12.97797101449273,4.476714975845403,1119.1787439613506,29.58222222222217,0
13.012270531400944,4.45314009661835,1113.2850241545875,29.01671497584536,0
12.962318840579687,4.093333333333327,1023.3333333333314,26.792077294685946,1
12.055169082125584,3.5947826086956463,898.6956521739114,25.330724637681115,0
11.736618357487902,2.956908212560381,739.2270531400953,22.286956521739093,0
11.425797101449255,2.5657971014492706,641.4492753623176,21.00985507246373,0
11.030144927536213,2.278647342995165,569.6618357487912,20.17371980676325,0
11.257681159420269,2.198454106280189,549.6135265700473,19.722125603864697,0
10.90840579710143,1.9201932367149723,480.04830917874307,19.39748792270528,0
10.858840579710126,1.9315942028985473,482.8985507246368,20.38821256038644,0
10.845990338164231,2.1412560386473394,535.3140096618348,20.995169082125567,0
10.995942028985489,1.973913043478257,493.4782608695643,20.376811594202863,0
11.133333333333312,1.7914975845410592,447.87439613526476,19.62125603864731,0
11.22608695652172,1.8809661835748759,470.2415458937189,21.17043478260866,0
11.641739130434761,2.195362318840576,548.8405797101439,21.290144927536197,0
11.711400966183554,2.1083091787439576,527.0772946859893,20.13304347826083,0
11.380289855072444,2.088695652173909,522.1739130434772,21.791014492753582,0
11.216521739130414,2.411111111111107,602.7777777777767,24.40299516908208,0
11.08521739130433,2.7625120772946814,690.6280193236702,26.129758454106234,0
10.947246376811574,3.1950724637681107,798.7681159420276,30.84280193236709,0
11.01681159420288,3.469371980676322,867.3429951690806,33.66212560386468,0
10.830338164251188,3.5351690821255977,883.7922705313995,35.295555555555495,0
11.330048309178725,3.7505314009661768,937.6328502415444,36.17188405797095,0
11.164057971014476,3.845507246376805,961.3768115942012,37.995072463768054,0
11.545893719806742,3.9381642512077226,984.5410628019307,38.23893719806757,0
11.514202898550707,3.8557487922705245,963.9371980676312,38.651497584541,0
11.193623188405779,3.7385507246376752,934.6376811594187,39.02019323671491,0
11.0902415458937,3.6296618357487858,907.4154589371965,38.85072463768109,0
10.838260869565197,3.4274396135265635,856.8599033816411,38.32859903381636,0
10.651014492753607,3.6379710144927473,909.4927536231869,41.51758454106273,1
10.522705314009642,3.6110144927536165,902.7536231884043,42.32164251207722,0
10.812753623188389,3.641256038647337,910.3140096618341,42.683381642512,0
10.404057971014474,3.4906280193236654,872.6570048309163,43.237198067632775,0
10.740483091787421,3.5510144927536174,887.7536231884042,43.32666666666659,1
11.093140096618336,3.41739130434782,854.3478260869551,42.02830917874389,1
11.194589371980657,3.1672463768115886,791.8115942028971,40.04975845410621,0
11.462222222222202,2.9974879227053086,749.3719806763272,38.32724637681153,0
11.95159420289853,2.668888888888884,667.2222222222211,37.21004830917868,0
12.321352657004809,2.5211594202898504,630.2898550724626,34.186376811594144,0
12.201062801932345,2.3865700483091747,596.6425120772936,31.800772946859848,1
12.413719806763265,2.2318840579710106,557.9710144927527,28.645217391304296,0
12.431304347826064,2.0467632850241513,511.6908212560377,25.23690821256034,0
12.807922705313986,1.9026086956521704,475.65217391304253,21.182608695652135,0
13.18357487922703,1.8450241545893686,461.2560386473421,20.359516908212523,0
13.906280193236691,1.994009661835745,498.50241545893624,19.51787439613523,0
13.922705314009638,1.9145893719806728,478.6473429951681,18.58009661835745,0
14.011594202898527,2.0658937198067595,516.4734299516898,19.01101449275359,0
13.417198067632826,1.790724637681156,447.6811594202889,21.065410628019286,0
13.433429951690798,2.1227053140096577,530.6763285024144,22.55478260869561,0
12.83710144927534,2.3085990338164213,577.1497584541053,25.07178743961348,0
12.459130434782585,2.3700483091787397,592.5120772946849,27.566956521739083,0
12.406763285024134,2.8112077294685944,702.8019323671484,29.934009661835695,0
12.212560386473408,3.2446376811594146,811.1594202898536,32.639999999999944,0
12.232657004830894,3.647536231884052,911.8840579710129,35.740193236714916,0
12.316521739130415,3.702415458937192,925.6038647342978,36.24386473429946,0
12.460289855072443,4.054879227053133,1013.7198067632833,37.38541062801926,0
12.757874396135243,4.2380676328502345,1059.5169082125585,38.07855072463762,0
13.063188405797078,4.488115942028978,1122.0289855072442,38.362415458937136,0
13.27845410628017,4.752850241545885,1188.2125603864715,39.66270531400959,0
13.54589371980674,4.886183574879219,1221.5458937198046,40.149468599033746,0
13.86164251207727,4.888115942028977,1222.0289855072442,39.81884057971008,1
14.221835748792245,4.758647342995161,1189.6618357487903,38.66695652173906,0
14.622608695652147,4.936038647342987,1234.0096618357466,36.6899516908212,0
15.060096618357461,4.700289855072455,1175.072463768114,33.88396135265695,1
15.530434782608669,4.344734299516901,1086.183574879225,30.245120772946805,0
15.664541062801904,3.8687922705313937,967.1980676328485,27.12743961352652,0
16.058550724637655,3.8307246376811532,957.6811594202882,26.441835748792222,0
16.245024154589345,3.608309178743955,902.0772946859887,26.217874396135223,0
16.360966183574853,3.354009661835743,838.5024154589357,26.061352657004782,0
15.885410628019295,2.9275362318840523,731.8840579710131,25.93603864734295,0
15.648695652173886,2.57468599033816,643.6714975845398,25.797004830917828,0
15.664154589371952,2.1545893719806726,538.6473429951681,25.10173913043474,0
15.687342995169054,2.1824154589371942,545.6038647342986,24.280483091787396,0
15.718260869565189,1.795942028985504,448.9855072463759,22.703574879227013,0
15.78950080515295,1.459323671497582,364.8309178743954,21.67681159420286,0
15.886247987117525,1.4908212560386447,372.7053140096611,20.669371980676296,0
15.9949758454106,1.194589371980674,298.6473429951685,18.02483091787436,0
15.973075684380003,0.8372946859903364,209.3236714975841,16.778743961352628,0
16.015523349436364,0.9008695652173894,225.21739130434733,17.364734299516876,0
16.100096618357462,1.0977777777777757,274.4444444444439,18.89884057971011,0
16.108727858293047,1.2388405797101427,309.71014492753557,19.96898550724634,0
15.921417069243128,1.5685024154589342,392.12560386473353,21.02502415458934,0
16.047342995169053,1.89565217391304,473.91304347826,22.43652173913039,0
16.13095008051527,2.1008695652173874,525.2173913043468,23.061545893719767,0
15.745764895330085,2.035555555555552,508.88888888888795,24.3297906602254,0
15.500869565217364,2.199999999999996,549.999999999999,26.045764895330066,0
15.254041867954886,2.4670531400966142,616.7632850241534,28.024927536231836,0
14.911368760064386,2.4442512077294642,611.062801932366,30.061095008051478,0
14.667826086956495,2.729661835748787,682.4154589371968,32.006441223832475,0
14.50119162640899,2.9072463768115897,726.8115942028973,32.15835748792265,0
14.30969404186793,3.1430917874396083,785.772946859902,34.63549114331717,0
14.112012882447639,3.1288888888888833,782.2222222222208,35.84383252818029,0
13.925539452495949,3.42483091787439,856.2077294685976,37.09101449275356,0
14.043413848631214,3.6618357487922637,915.458937198066,38.02631239935582,0
14.11008051529788,3.884927536231877,971.2318840579693,38.65842190016096,0
14.13520128824474,3.970241545893713,992.5603864734283,39.413945249597354,0
14.087697262479846,4.059999999999993,1014.9999999999983,40.82782608695645,1
13.995748792270508,4.103381642512071,1025.8454106280174,42.026827697262405,0
13.8859259259259,4.147342995169075,1036.8357487922688,43.452689210950005,0
13.734492753623165,4.118840579710138,1029.7101449275344,43.962222222222145,0
13.547407407407382,3.724541062801926,931.1352657004816,43.15851851851845,0
13.32772946859901,3.781642512077288,945.410628019322,43.78592592592585,0
13.323365539452473,3.9021256038647274,975.5314009661818,44.66164251207722,0
13.357938808373568,3.821835748792264,955.458937198066,43.902383252817955,0
13.40028985507244,3.9535265700483024,988.3816425120756,43.34698872785822,0
13.563896940418655,3.9860869565217323,996.521739130433,42.662801932367074,0
13.866876006441199,3.948115942028979,987.0289855072447,42.106344605474966,0
13.745410628019298,3.770434782608689,942.6086956521723,42.004186795491066,0
13.52505636070851,3.503864734299511,875.9661835748777,41.82956521739123,0
13.700933977455692,3.51555555555555,878.8888888888873,41.228470209339704,0
13.782560386473405,3.3535265700483032,838.3816425120758,40.112979066022476,0
13.862157809983875,3.0241545893719755,756.038647342994,38.38421900161024,0
14.080740740740715,2.992367149758449,748.0917874396122,35.98106280193231,0
14.26676328502413,2.6600966183574832,665.0241545893708,32.800128824476595,0
14.393896940418655,2.34676328502415,586.6908212560376,31.065764895330055,0
14.556103059581295,2.1899516908212524,547.487922705313,29.371787439613474,0
14.767632850241519,2.258743961352653,564.6859903381633,27.725925925925875,0
15.044508856682745,1.8836714975845377,470.91787439613444,25.54537842190011,0
14.990611916264065,1.6463768115942001,411.59420289854995,23.462028985507203,0
14.84289855072461,1.3988405797101424,349.7101449275355,22.09037037037033,0
14.594363929146512,1.4057971014492727,351.4492753623182,22.847793880837322,0
14.299355877616723,1.3542028985507222,338.55072463768045,22.573140096618317,0
13.92468599033814,1.1723671497584518,293.0917874396129,21.565603864734264,0
13.510370370370346,1.1002898550724616,275.07246376811537,21.595169082125565,0
13.096586151368736,1.038840579710143,259.7101449275357,21.711111111111073,0
12.723671497584519,1.4243478260869538,356.08695652173844,22.980676328502376,0
12.463040636544452,1.6568115942028956,414.20289855072383,25.621256038647296,1
12.26217107132706,1.7628985507246346,440.72463768115864,26.929855072463724,0
12.12079283887466,1.9089855072463735,477.2463768115933,29.730048309178688,0
12.037925547030383,2.333719806763281,583.4299516908202,32.73681159420285,0
12.011878374538199,2.6496618357487876,662.415458937197,34.98782608695646,0
12.040250071042887,2.905700483091783,726.4251207729457,36.82144927536226,0
12.11992895709006,3.101835748792265,775.4589371980663,38.23381642512071,1
12.24709292412615,3.2380676328502362,809.516908212559,39.221062801932305,0
12.417209434498414,3.314396135265695,828.5990338164238,39.77932367149752,0
12.625035521454937,3.3308212560386417,832.7053140096605,39.90473429951684,0
12.86461778914462,3.2873429951690767,821.8357487922691,39.59342995169075,0
13.129292412617197,3.037294685990333,759.3236714975832,37.37487922705307,0
13.41168513782322,2.6962318840579664,674.0579710144916,35.50077294685984,0
13.703711281614073,2.54724637681159,636.8115942028975,33.85371980676322,1
13.996575731741947,2.416231884057967,604.0579710144916,32.5411594202898,0
14.280772946859878,2.1793236714975803,544.8309178743951,31.031473429951635,0
14.546086956521714,2.2467632850241506,561.6908212560377,30.154202898550672,0
14.8557874396135,2.233816425120769,558.4541062801923,30.17613526570043,0
15.16451207729466,2.2154589371980635,553.8647342995158,31.02275362318835,0
15.429120772946835,2.094492753623184,523.6231884057961,30.175628019323618,0
15.608695652173886,2.06260869565217,515.6521739130426,30.374057971014437,0
15.737584541062775,2.1681159420289813,542.0289855072454,32.04618357487917,0
15.805400966183546,2.2929468599033775,573.2367149758444,33.02608695652168,0
15.805913043478235,2.3926570048309137,598.1642512077284,34.24328502415453,0
15.73704347826084,2.4711111111111066,617.7777777777767,35.33777777777772,0
15.554680306905345,2.4591304347826046,614.7826086956511,36.574879227053074,0
15.248559249786844,2.5655555555555516,641.3888888888878,39.02531400966176,0
14.54734867860185,2.7522705314009617,688.0676328502403,40.991304347826016,0
13.957760727479375,2.640193236714971,660.0483091787429,41.74523671497577,0
13.214560954816687,2.496714975845406,624.1787439613515,41.97522705314002,0
12.344916169366275,2.3423671497584495,585.5917874396125,41.728425120772876,0
11.376220517192367,2.1952657004830876,548.816425120772,41.04657004830911,0
10.287206592782022,2.071111111111107,517.7777777777768,39.96599033816418,0
9.225723216822946,1.9831884057970974,495.7971014492744,39.58338164251201,0
8.146803069053695,2.1175523349436354,529.3880837359088,37.09314009661829,0
7.0787496447854386,2.4030273752012836,600.7568438003209,35.53526570048302,0
5.952315998863304,2.992077294685985,748.0193236714963,35.76946859903375,0
5.036260301221929,3.371465378421894,842.8663446054736,36.12038647342989,0
4.213481102585954,3.725925925925919,931.4814814814799,36.25806763285018,1
3.464302358624603,4.195104669887271,1048.7761674718176,35.63594202898544,1
2.8403864734299464,4.8465056360708445,1211.626409017711,34.94507246376806,1
2.440579710144923,5.508921095008041,1377.2302737520106,35.57393719806757,0
2.2289468599033775,6.223703703703692,1555.9259259259231,35.908937198067576,1
2.0721545893719764,6.81587761674717,1703.9694041867924,35.335458937198005,1
2.076096618357484,7.2171336553945125,1804.283413848628,34.130917874396076,1
2.1020289855072423,7.572399355877604,1893.0998389694007,33.30949275362313,0
2.2993236714975804,7.939259259259245,1984.8148148148116,31.931014492753565,1
2.501603864734295,8.180322061191614,2045.0805152979028,30.810917874396083,1
2.5880966183574836,8.398486312399342,2099.6215780998355,30.132560386473372,1
2.67532367149758,8.563317230273737,2140.829307568434,29.69845410628014,0
2.7310144927536184,8.669790660225427,2167.447665056357,30.13835748792265,0
2.8179710144927483,8.965152979066007,2241.2882447665015,31.106570048309123,0
3.150724637681154,9.062109500805137,2265.5273752012845,31.060869565217338,1
3.2492753623188353,9.044702093397731,2261.1755233494323,30.691961352656946,0
3.1625120772946804,8.950048309178728,2237.512077294682,30.140521739130385,1
3.25043478260869,8.817037037037021,2204.2592592592555,29.54877294685985,1
3.196135265700477,8.75151368760063,2187.8784219001573,29.4515942028985,1
3.3126570048309123,8.7662801932367,2191.570048309175,29.62096618357483,1
3.2361352657004776,8.634041867954897,2158.510466988724,27.75574879227048,1
3.2554589371980622,8.616779388083721,2154.1948470209304,28.600483091787392,1
3.2245410628019266,8.277198067632835,2069.299516908209,27.740676328502367,1
3.191690821256033,7.7545571658615,1938.639291465375,27.311980676328453,1
3.1569082125603805,7.501481481481467,1875.3703703703673,25.754396135265655,0
3.071884057971009,7.378454106280179,1844.613526570045,24.811111111111067,0
3.009661835748787,7.102576489533,1775.6441223832496,23.874589371980633,1
2.9963285024154533,7.075587761674706,1768.8969404186764,23.936908212560347,0
2.9868599033816374,6.634363929146526,1658.5909822866315,22.987246376811555,0
2.9120772946859854,5.8839613526569945,1470.9903381642482,20.48724637681156,1
2.7980676328502367,5.533945249597414,1383.4863123993532,19.016502415458906,1
2.6689855072463717,5.550982286634451,1387.7455716586123,18.753855072463733,1
2.644830917874392,5.536135265700473,1384.0338164251182,18.767806763284987,0
2.530628019323667,5.5779066022544175,1394.4766505636046,20.11826086956518,0
2.273623188405793,5.62035426731078,1405.0885668276949,22.25526570048305,0
2.4738164251207686,5.655458937198059,1413.8647342995146,26.720772946859856,1
2.6720772946859856,5.62438003220611,1406.0950080515274,30.742898550724583,1
2.774492753623184,5.536489533011262,1384.1223832528156,33.32560386473424,1
2.781062801932362,5.372077294685981,1343.0193236714952,35.50193236714969,1
2.88347826086956,5.131723027375192,1282.930756843798,36.36096618357482,1
2.837874396135261,4.935040257648945,1233.760064412236,37.497681159420225,1
3.1033816425120717,4.935458937198059,1233.8647342995148,39.11420289855066,0
3.1739130434782554,4.878164251207721,1219.5410628019304,39.80782608695646,1
3.2444444444444387,4.750724637681151,1187.6811594202877,39.94241545893713,1
3.168309178743956,4.43314009661835,1108.2850241545875,38.807246376811534,0
3.305507246376806,4.408695652173906,1102.1739130434762,38.1283091787439,1
2.8502415458937147,4.242415458937191,1060.6038647342975,37.12299516908206,0
3.14531400966183,4.0542995169082054,1013.5748792270513,34.42357487922699,0
3.48251207729468,3.7421256038647277,935.5314009661818,31.24724637681154,1
3.6910144927536166,3.80618357487922,951.545893719805,29.208115942028932,1
3.8647342995169014,3.9012560386473356,975.314009661834,27.242318840579664,0
3.8531400966183504,4.2276328502415375,1056.9082125603845,26.41391304347821,1
4.012367149758447,4.306376811594195,1076.5942028985487,25.766570048309134,1
4.217198067632842,4.696425120772938,1174.1062801932346,25.063574879227005,0
4.223768115942022,5.598743961352647,1399.685990338162,26.184541062801888,0
4.320386473429944,6.167536231884048,1541.8840579710118,26.660599033816375,0
4.409275362318834,6.666183574879216,1666.5458937198039,28.903729468598982,0
4.588212560386466,7.063381642512065,1765.8454106280165,30.974608695652122,0
4.71497584541062,7.3514009661835615,1837.8502415458906,33.49545893719801,0
4.914782608695644,7.754589371980663,1938.6473429951657,37.476521739130376,0
4.925410628019316,7.99381642512076,1998.4541062801898,39.856231884057905,1
4.84521739130434,8.192657004830906,2048.164251207726,41.89565217391297,0
4.820289855072455,8.405217391304333,2101.3043478260834,43.86869565217384,1
4.658937198067625,8.1286956521739,2032.1739130434748,42.81391304347818,0
4.410048309178737,8.041932367149744,2010.483091787436,43.27101449275355,0
3.9491787439613457,7.660483091787426,1915.1207729468565,42.714009661835675,0
3.3632850241545835,7.320193236714963,1830.048309178741,42.07835748792263,0
3.318840579710139,7.042512077294674,1760.6280193236685,41.0906280193236,0
3.304541062801926,6.732173913043466,1683.0434782608666,39.099339774557095,1
3.2995169082125546,6.394975845410617,1598.7439613526542,37.105056360708474,0
3.18763285024154,5.942801932367139,1485.7004830917847,34.807246376811534,0
3.752077294685984,5.312270531400958,1328.067632850239,30.982834138486258,0
3.723671497584535,4.7791304347826005,1194.78260869565,29.053349436392864,1
3.7151690821255974,4.429371980676321,1107.3429951690803,27.408405797101402,0
3.6815458937198002,3.9895652173912968,997.3913043478243,26.147922705313967,1
3.62666666666666,3.60946859903381,902.3671497584525,25.115362318840532,1
3.7735265700483027,3.3175845410627964,829.3961352656991,24.31772946859899,1
3.7659903381642446,3.0703381642512024,767.5845410628006,23.644895330112675,0
3.6085024154589314,2.872077294685985,718.0193236714963,23.049597423510424,0
3.104927536231879,2.0546859903381605,513.67149758454,22.474106280193197,0
3.241352657004825,2.0958454106280158,523.9613526570038,24.454750402576444,0
3.022028985507241,1.66589371980676,416.47342995169004,24.12795491143313,1
2.998067632850236,1.4861835748792238,371.545893719806,25.415942028985466,0
3.0670531400966126,1.840386473429948,460.096618357487,27.84595813204504,0
3.2270531400966127,2.1955555555555515,548.8888888888878,29.498872785829256,0
3.187246376811588,2.2125603864734256,553.1400966183564,29.97806763285019,0
3.2123671497584483,2.395555555555551,598.8888888888877,31.21320450885663,1
2.6674396135265654,2.13236714975845,533.0917874396125,31.058003220611862,0
2.8985507246376754,2.7221256038647295,680.5314009661823,33.74840579710139,0
2.9105314009661782,2.9779710144927485,744.4927536231871,33.962866344605416,0
3.090241545893714,3.797874396135259,949.4685990338147,36.667761674718136,0
3.411207729468593,4.193236714975838,1048.3091787439596,37.08454106280187,0
3.9665700483091717,4.866280193236706,1216.5700483091766,37.906731078904926,0
4.4620289855072395,4.892367149758446,1223.0917874396114,38.09999999999994,1
4.9914975845410545,5.202898550724629,1300.7246376811572,37.74268921095002,0
5.40888888888888,5.494106280193227,1373.5265700483067,36.91362318840574,0
5.616425120772937,6.047729468599023,1511.9323671497557,35.69210950080509,1
5.75632850241545,6.4255072463768,1606.3768115942003,34.15793880837353,0
5.824734299516898,6.627439613526558,1656.8599033816397,32.39138486312394,0
5.817777777777767,6.653526570048298,1663.3816425120744,30.473204508856632,0
5.73159420289854,6.503768115942018,1625.9420289855045,28.48463768115937,0
5.562318840579701,6.178164251207718,1544.54106280193,26.50740740740736,0
5.30608695652173,5.6767149758454005,1419.1787439613502,24.62371980676324,0
4.959033816425112,4.999420289855063,1249.855072463766,22.916264090177098,0
5.174685990338156,4.8767149758454025,1219.1787439613504,21.468212560386437,0
4.869178743961344,4.254685990338157,1063.671497584539,19.091046698872752,0
4.989951690821248,4.112657004830911,1028.1642512077278,18.55542673107887,0
4.912270531400958,4.078840579710138,1019.7101449275347,18.205797101449242,0
4.68753623188405,3.4409661835748726,860.2415458937184,17.962608695652143,0
4.411594202898542,2.9279227053140042,731.9806763285012,18.317777777777746,0
4.155555555555549,2.515555555555551,628.8888888888877,19.37468599033813,0
3.382222222222216,1.8655072463768079,466.37681159420197,20.01922705314006,0
3.315942028985501,1.9957487922705277,498.93719806763187,22.514396135265663,1
3.174879227053134,1.5563285024154558,389.08212560386386,22.299806763284984,0
3.0483091787439553,1.2241545893719783,306.03864734299447,23.49951690821252,0
3.242318840579704,1.213140096618355,303.28502415458865,25.686280193236673,0
4.459903381642504,1.3791304347826057,344.7826086956514,28.03154589371976,0
4.8475362318840505,0.971014492753621,242.75362318840521,29.089178743961305,0
5.2046376811594115,1.4581642512077266,364.54106280193156,29.639613526570002,1
5.743768115942019,2.308405797101445,577.1014492753612,29.767632850241498,0
5.928888888888879,3.1667632850241496,791.6908212560372,29.49384863123989,0
5.89719806763284,3.675748792270525,918.9371980676312,29.364702093397696,0
5.924830917874385,4.124830917874389,1031.2077294685973,29.281159420289807,1
6.165217391304337,4.461256038647335,1115.314009661834,27.884991948470166,0
6.800966183574867,4.703381642512069,1175.8454106280174,25.678776167471774,1
6.831884057971003,4.818743961352649,1204.6859903381624,25.27787439613522,0
7.1157487922705185,5.088502415458929,1272.1256038647323,25.39710144927532,0
7.615458937198055,5.043285024154581,1260.821256038645,24.86241545893715,0
7.8374879227053,5.081739130434775,1270.4347826086932,23.97526570048305,0
8.256038647342981,5.263961352656995,1315.990338164249,23.626312399355832,0
8.377584541062786,5.314202898550716,1328.5507246376787,24.333204508856635,0
8.529661835748778,5.344734299516899,1336.1835748792246,25.442512077294637,0
8.432077294685975,5.42144927536231,1355.3623188405775,27.919871175523305,0
8.357681159420276,5.761545893719798,1440.386473429949,30.072302737520083,0
8.287149758454092,5.643091787439604,1410.772946859901,31.962125603864678,0
8.787826086956507,5.576618357487914,1394.154589371978,32.72502415458931,0
9.058357487922688,5.516521739130425,1379.1304347826065,33.7443478260869,0
9.413333333333316,4.9802898550724555,1245.0724637681137,32.44560386473424,0
9.778357487922687,4.958454106280184,1239.6135265700461,33.129758454106224,0
9.881545893719789,4.946280193236706,1236.5700483091766,35.925603864734235,1
10.366763285024136,4.585700483091779,1146.4251207729449,36.17053140096613,1
10.815845410628,4.458937198067625,1114.7342995169063,35.870048309178685,0
10.81082125603863,4.668405797101441,1167.1014492753604,35.79135265700477,0
10.799420289855053,4.887632850241538,1221.9082125603843,35.09033816425114,0
11.011787439613506,4.7035748792270455,1175.8937198067613,33.9411594202898,1
10.664154589371963,4.201642512077287,1050.4106280193218,31.920483091787386,0
10.860869565217373,4.005990338164244,1001.497584541061,30.98231884057966,0
11.01777777777776,3.555845410628013,888.9613526570032,28.31429951690816,0
11.108212560386454,3.306473429951685,826.6183574879212,27.6132367149758,0
10.735072463768098,3.28067632850241,820.1690821256022,29.34869565217386,0
11.020869565217373,3.3134299516908152,828.3574879227037,29.40898550724632,0
11.498164251207708,2.924154589371975,731.0386473429938,28.970917874396083,0
11.656231884057952,3.3244444444444383,831.1111111111096,29.239130434782556,0
11.975072463768093,3.7009661835748724,925.2415458937181,30.205410628019273,0
11.96695652173911,3.8970048309178678,974.2512077294668,31.337874396135213,0
12.111884057970995,4.139999999999993,1034.9999999999984,31.912270531400907,0
12.14125603864732,4.317681159420282,1079.4202898550707,32.305217391304296,0
12.834202898550704,4.169758454106273,1042.4396135265683,30.685475040257597,0
13.360966183574858,3.987053140096612,996.7632850241528,28.358099838969355,0
13.060289855072444,3.7187439613526503,929.6859903381627,25.44386473429947,0
12.074396135265678,3.3362318840579652,834.0579710144914,23.77856682769722,0
11.620289855072443,2.9531400966183523,738.285024154588,21.68476650563603,0
11.46743961352655,2.924444444444439,731.1111111111097,21.29632850241542,0
11.100096618357467,2.97884057971014,744.7101449275348,20.806731078904956,0
11.358260869565196,3.2355555555555497,808.8888888888875,19.774621578099804,0
11.684734299516887,3.3320772946859845,833.0193236714961,18.779871175523315,0
11.41352657004829,3.2175845410627963,804.3961352656991,18.178357487922675,0
11.494202898550704,3.394879227053134,848.7198067632835,17.138389694041837,1
12.047536231884038,3.5108212560386414,877.7053140096602,16.06035426731076,0
11.991980676328483,3.541256038647337,885.3140096618341,15.261159420289825,1
11.937198067632831,3.912367149758447,978.0917874396117,17.539259259259225,0
11.692270531400947,3.9283091787439544,982.0772946859886,18.140450885668244,0
11.37855072463766,4.149855072463762,1037.4637681159402,20.676714975845375,0
11.357101449275342,4.167536231884052,1041.8840579710127,22.829210950080473,0
11.616811594202877,4.075265700483085,1018.8164251207711,24.005088566827656,0
11.858357487922685,4.131980676328496,1032.9951690821235,25.491497584541015,0
12.033429951690799,4.721835748792262,1180.4589371980655,27.892109500805102,0
12.234589371980654,4.977391304347817,1244.3478260869545,30.740450885668224,0
12.456038647342972,5.094782608695644,1273.695652173911,32.88734299516903,0
12.69198067632848,5.07400966183574,1268.502415458935,34.326988727858236,0
12.9366183574879,4.915072463768108,1228.768115942027,35.05359098228658,1
13.184154589371957,4.617971014492746,1154.4927536231864,35.06135265700477,0
12.771400966183553,4.328792270531394,1082.1980676328483,34.75838969404181,0
11.968502415458916,3.660289855072457,915.0724637681143,32.13561996779383,0
12.13487922705312,3.311594202898545,827.8985507246362,31.59935587761669,0
12.370821256038624,3.089661835748787,772.4154589371966,31.08772946859898,0
12.582415458937176,2.8530434782608647,713.2608695652161,30.896827697262427,0
12.915748792270508,3.1885990338164194,797.1497584541048,30.822544283413798,0
13.370821256038623,3.0885990338164193,772.1497584541049,29.645217391304296,0
13.801545893719782,3.066086956521734,766.5217391304333,29.573397745571604,0
14.192270531400942,3.1249275362318785,781.2318840579696,29.14061191626404,0
14.499999999999973,3.3211594202898493,830.2898550724623,28.383574879227,0
15.007536231884032,3.2764251207729416,819.1062801932352,27.340289855072413,0
15.19913043478258,3.1536231884057915,788.4057971014479,26.658743961352613,0
15.03826086956519,2.8946859903381594,723.6714975845398,25.961352657004785,0
15.261932367149733,2.49932367149758,624.8309178743949,24.036618357487882,1
15.308792270531375,2.2805797101449232,570.1449275362309,22.87999999999996,0
15.507391304347799,1.9228985507246341,480.7246376811585,21.450531400966142,0
15.530048309178715,2.0803864734299475,520.0966183574869,22.232657004830877,0
15.362512077294658,2.128309178743957,532.0772946859894,22.547536231884017,0
15.314879227053114,2.483285024154585,620.8212560386462,24.634009661835705,0
15.055265700483066,2.495072463768112,623.7681159420279,25.693333333333293,0
14.823671497584515,2.5484057971014447,637.1014492753611,25.420483091787396,0
14.616231884057944,2.540289855072459,635.0724637681149,26.28154589371976,0
14.43519323671495,2.6827053140096573,670.6763285024142,27.835942028985457,0
14.273913043478236,2.705700483091783,676.4251207729455,28.451787439613476,0
14.125990338164225,2.6784541062801885,669.613526570047,28.745893719806713,0
13.985265700483065,2.352657004830914,588.1642512077283,28.604347826086904,0
14.064951690821232,2.762705314009657,690.6763285024142,31.233816425120715,1
13.999371980676305,2.9656038647342946,741.4009661835736,33.09806763285018,0
13.929758454106256,3.156908212560381,789.2270531400952,34.85797101449269,0
13.997004830917849,3.677681159420284,919.4202898550708,36.94444444444438,0
14.10224637681157,3.952657004830911,988.1642512077277,38.65410628019317,1
14.244637681159395,4.228212560386466,1057.0531400966165,40.84048309178737,0
14.423574879227028,4.068792270531393,1017.1980676328484,40.04057971014486,0
14.638695652173887,4.172173913043472,1043.0434782608677,40.65362318840573,0
14.889879227053115,4.173140096618351,1043.2850241545875,40.55169082125597,0
15.177246376811565,3.9739130434782544,993.4782608695634,38.84512077294679,0
15.501159420289829,3.7656038647342935,941.4009661835731,37.09758454106274,0
15.716135265700453,3.49739130434782,874.347826086955,36.03198067632844,0
15.682801932367123,3.4353623188405735,858.8405797101434,35.22260869565211,0
15.546069389547622,3.1953623188405738,798.8405797101435,34.433236714975784,0
15.358612209046965,3.169275362318835,792.3188405797088,34.20328502415453,0
15.137536231884033,2.8790338164251157,719.7584541062789,32.26608695652168,0
14.901045234958252,2.814299516908208,703.5748792270517,31.450821256038594,0
14.668440931049602,2.49700483091787,624.2512077294675,29.994009661835694,0
14.551427316644682,2.4168115942028945,604.2028985507236,29.247729468598983,0
14.458023715414994,2.095072463768112,523.7681159420281,28.117391304347777,0
14.393675889328039,2.0684057971014456,517.1014492753613,28.419710144927485,0
14.354347826086931,1.5640579710144897,391.01449275362245,27.442222222222174,0
14.34152173913041,1.4258937198067605,356.47342995169015,26.741449275362267,0
14.364975845410601,1.36173913043478,340.43478260869495,26.002028985507195,0
14.420966183574853,1.6657004830917843,416.4251207729461,25.008502415458892,1
14.505507246376787,1.6908212560386442,422.70531400966104,25.107536231884012,0
14.614371980676303,1.8523671497584508,463.0917874396127,25.83516908212556,0
14.743091787439585,2.008115942028982,502.02898550724547,27.220772946859853,0
14.82649386845038,2.021806020066889,505.4515050167222,27.901527313266424,0
14.922084726867324,2.0367224080267547,509.1806020066887,28.723790412486043,0
15.029864362690438,2.052865105908583,513.2162764771457,29.687562244518745,0
15.14983277591972,2.0702341137123734,517.5585284280933,30.792842809364526,0
15.281989966555171,2.0888294314381257,522.2073578595314,32.03963210702339,0
15.42633593459679,2.1086510590858403,527.16276477146,33.42793013749533,0
15.582870680044579,2.1296989966555167,532.4247491638791,34.957736900780354,0
15.751594202898534,2.1519732441471557,537.9933110367888,36.62905239687846,0
15.93250650315866,2.175473801560756,543.868450390189,38.44187662578965,0
16.125607580824955,2.2002006688963194,550.0501672240797,40.39620958751391,0
16.330897435897416,2.226153846153844,556.538461538461,42.49205128205125,0
16.548376068376047,2.253333333333331,563.3333333333327,44.72940170940168,0
